repo,api_type,response_time_ms,response_size_bytes,num_requests,status,error_message
twbs/bootstrap,GraphQL,2558.0124999396503,36293,1,success,
tensorflow/tensorflow,GraphQL,2920.836400007829,37748,1,success,
microsoft/PowerToys,GraphQL,2739.4169999752194,37903,1,success,
airbnb/javascript,GraphQL,2649.493800010532,36771,1,success,
axios/axios,GraphQL,2706.19189995341,35702,1,success,
donnemartin/system-design-primer,GraphQL,3318.0726999416947,34269,1,success,
angular/angular,GraphQL,2472.235399996862,39210,1,success,
lodash/lodash,GraphQL,2179.919899906963,29265,1,success,
kubernetes/kubernetes,REST,6674.718499998562,2232794,5,success,
vuejs/vue,GraphQL,2217.361700022593,33755,1,success,
freeCodeCamp/freeCodeCamp,GraphQL,2982.979499967769,38909,1,success,
rust-lang/rust,REST,6718.984100152738,1762330,5,success,
github/copilot-docs,GraphQL,1711.8707000045106,8432,1,success,
laravel/laravel,REST,5225.012700189836,264152,5,success,
EbookFoundation/free-programming-books,GraphQL,2486.92920000758,30691,1,success,
openai/gpt-3,GraphQL,1209.4887000275776,2300,1,success,
pallets/flask,REST,5784.719000104815,499322,5,success,
pytorch/pytorch,GraphQL,2615.628400002606,40814,1,success,
sindresorhus/awesome,GraphQL,1793.259600060992,22045,1,success,
github/copilot-docs,GraphQL,1998.5531000420451,8432,1,success,
public-apis/public-apis,REST,7384.411999955773,1495073,5,success,
vuejs/vue,REST,6825.200999970548,1445498,5,success,
freeCodeCamp/freeCodeCamp,GraphQL,2375.0439999857917,39005,1,success,
prettier/prettier,GraphQL,2888.701200019568,35429,1,success,
microsoft/vscode,GraphQL,2761.57139998395,37172,1,success,
d3/d3,GraphQL,1733.3881000522524,13936,1,success,
twbs/bootstrap,REST,7120.474399998784,1683361,5,success,
django/django,REST,6510.318600106984,1426344,5,success,
neovim/neovim,REST,6937.328000087291,1484681,5,success,
airbnb/javascript,GraphQL,3541.6377999354154,36779,1,success,
vercel/next.js,REST,6454.878800082952,1567804,5,success,
ohmyzsh/ohmyzsh,REST,7535.813100286759,1638153,5,success,
mrdoob/three.js,GraphQL,2623.20000003092,34732,1,success,
airbnb/javascript,GraphQL,2138.0472999298945,36779,1,success,
codecrafters-io/build-your-own-x,REST,7447.701800032519,1486255,5,success,
TheAlgorithms/Python,REST,6626.144400099292,1643447,5,success,
facebook/react,REST,6455.001500202343,1669860,5,success,
codecrafters-io/build-your-own-x,GraphQL,2512.4558000825346,32838,1,success,
angular/angular,REST,6863.849600194953,1722070,5,success,
torvalds/linux,GraphQL,1491.6565000312403,9691,1,success,
d3/d3,REST,5751.2763001723215,560341,5,success,
axios/axios,REST,6864.7537000942975,1479972,5,success,
jwasham/coding-interview-university,REST,5958.344500046223,761949,5,success,
vercel/next.js,GraphQL,2780.7431999826804,37476,1,success,
MarlinFirmware/Marlin,GraphQL,3079.451199970208,36342,1,success,
TheAlgorithms/Python,REST,7780.84509994369,1643447,5,success,
rust-lang/rust,REST,7847.530899918638,1791194,5,success,
openai/gpt-3,GraphQL,1174.291400006041,2300,1,success,
EbookFoundation/free-programming-books,REST,8206.026600208133,1719236,5,success,
jwasham/coding-interview-university,REST,7720.331700053066,761949,5,success,
github/gitignore,REST,8381.613800069317,1489919,5,success,
nodejs/node,REST,6668.36000001058,1644034,5,success,
public-apis/public-apis,GraphQL,2704.7144999960437,24989,1,success,
vuejs/vue,GraphQL,2009.9384000059217,33755,1,success,
d3/d3,GraphQL,1971.4670000830665,13936,1,success,
kamranahmedse/developer-roadmap,REST,6781.771800015122,1228483,5,success,
torvalds/linux,REST,5001.33080012165,241405,5,success,
facebook/react,GraphQL,2247.6620000088587,38238,1,success,
facebook/react-native,GraphQL,2882.6574999839067,39776,1,success,
golang/go,REST,7217.988699907437,1554652,5,success,
getify/You-Dont-Know-JS,GraphQL,1452.8921000892296,9383,1,success,
vuejs/vue,GraphQL,2055.542099988088,33755,1,success,
mrdoob/three.js,GraphQL,2085.721299983561,34898,1,success,
EbookFoundation/free-programming-books,GraphQL,2262.101500062272,30691,1,success,
facebook/react-native,REST,7538.796199951321,1653912,5,success,
MarlinFirmware/Marlin,GraphQL,2164.235100033693,36506,1,success,
public-apis/public-apis,REST,6430.612699943595,1495073,5,success,
codecrafters-io/build-your-own-x,REST,6914.586800266989,1486255,5,success,
getify/You-Dont-Know-JS,REST,5185.033100075088,284419,5,success,
django/django,GraphQL,2179.593599983491,23947,1,success,
kubernetes/kubernetes,GraphQL,2638.8470000820234,40209,1,success,
airbnb/javascript,REST,7143.927700119093,1376586,5,success,
EbookFoundation/free-programming-books,GraphQL,2308.7650999659672,30691,1,success,
reduxjs/redux,GraphQL,1711.4425000036135,18639,1,success,
jwasham/coding-interview-university,REST,6032.769000041299,761949,5,success,
ohmyzsh/ohmyzsh,GraphQL,3073.811999987811,36010,1,success,
reduxjs/redux,REST,5732.059699832462,563277,5,success,
axios/axios,GraphQL,2658.15329994075,35816,1,success,
donnemartin/system-design-primer,REST,7026.299800025299,1515735,5,success,
codecrafters-io/build-your-own-x,REST,7300.396499922499,1486255,5,success,
rust-lang/rust,GraphQL,2216.990299988538,41622,1,success,
reduxjs/redux,GraphQL,1608.4138998994604,18639,1,success,
trekhleb/javascript-algorithms,GraphQL,3142.1167000662535,34369,1,success,
mrdoob/three.js,GraphQL,2047.1865000436082,34898,1,success,
golang/go,GraphQL,2389.857199974358,37324,1,success,
facebook/jest,GraphQL,4735.242200084031,30545,1,success,
kubernetes/kubernetes,GraphQL,2539.6115999901667,40305,1,success,
huggingface/transformers,GraphQL,2582.048600073904,35950,1,success,
prettier/prettier,REST,6745.821400079876,1595316,5,success,
flutter/flutter,GraphQL,3518.333600019105,41270,1,success,
getify/You-Dont-Know-JS,REST,5783.529399894178,284419,5,success,
django/django,REST,6919.20610005036,1426382,5,success,
sindresorhus/awesome,REST,6708.1719998968765,1480115,5,success,
facebook/react-native,GraphQL,3127.9884000541642,39912,1,success,
golang/go,GraphQL,2272.734700003639,37324,1,success,
NVIDIA/DeepLearningExamples,GraphQL,3671.7522999970242,34555,1,success,
lodash/lodash,REST,6647.68740022555,1077084,5,success,
nodejs/node,GraphQL,3195.5288000172004,38514,1,success,
nodejs/node,GraphQL,3454.5018000062555,38618,1,success,
vuejs/vue,GraphQL,2354.2096000164747,33755,1,success,
freeCodeCamp/freeCodeCamp,GraphQL,2188.133499934338,39005,1,success,
axios/axios,GraphQL,2496.5332000283524,35816,1,success,
github/copilot-docs,REST,6552.205600077286,417328,5,success,
kubernetes/kubernetes,REST,7235.500699724071,2232794,5,success,
vercel/next.js,GraphQL,2699.806999997236,37536,1,success,
donnemartin/system-design-primer,GraphQL,2574.875699938275,34331,1,success,
airbnb/javascript,REST,7163.953299866989,1376586,5,success,
ohmyzsh/ohmyzsh,REST,6628.424999886192,1638153,5,success,
denoland/deno,GraphQL,2659.001399995759,34177,1,success,
flutter/flutter,GraphQL,2680.9716999996454,41374,1,success,
EbookFoundation/free-programming-books,REST,6331.930399988778,1719236,5,success,
angular/angular,GraphQL,1943.4494000161067,39272,1,success,
pytorch/pytorch,GraphQL,3040.859099943191,40820,1,success,
vercel/next.js,GraphQL,2213.6509000556543,37536,1,success,
denoland/deno,REST,6445.575900026597,1422969,5,success,
torvalds/linux,REST,5090.125199989416,241405,5,success,
lodash/lodash,GraphQL,2192.985099973157,29265,1,success,
rust-lang/rust,REST,7124.118499923497,1789783,5,success,
airbnb/javascript,REST,6581.45379985217,1376586,5,success,
d3/d3,REST,5801.262499997392,560341,5,success,
donnemartin/system-design-primer,REST,7689.482799964026,1515735,5,success,
microsoft/vscode,REST,8886.579600046389,1879175,5,success,
airbnb/javascript,REST,7677.495800191537,1376586,5,success,
pallets/flask,GraphQL,1641.2750000599772,11875,1,success,
flutter/flutter,REST,6621.590899885632,1836348,5,success,
sindresorhus/awesome,REST,6300.704899826087,1480115,5,success,
prettier/prettier,GraphQL,2497.655100072734,35519,1,success,
microsoft/PowerToys,REST,7806.997800129466,1965540,5,success,
axios/axios,GraphQL,2274.107199977152,35816,1,success,
donnemartin/system-design-primer,GraphQL,2062.316399998963,34331,1,success,
laravel/laravel,REST,5569.483099970967,264152,5,success,
donnemartin/system-design-primer,REST,6695.415799855255,1515735,5,success,
huggingface/transformers,REST,7765.518400003202,1713990,5,success,
pallets/flask,REST,5368.890800164081,499322,5,success,
TheAlgorithms/Python,REST,5959.897199994884,1643447,5,success,
vercel/next.js,GraphQL,2239.81850000564,37536,1,success,
microsoft/PowerToys,GraphQL,2238.1280000554398,37962,1,success,
github/copilot-docs,REST,6452.619399875402,417328,5,success,
denoland/deno,GraphQL,2415.07890005596,34245,1,success,
getify/You-Dont-Know-JS,GraphQL,1426.3746000360698,9383,1,success,
django/django,REST,6444.034100277349,1426382,5,success,
freeCodeCamp/freeCodeCamp,REST,6350.686699850485,1757225,5,success,
nodejs/node,REST,6577.91079999879,1644984,5,success,
github/gitignore,REST,8608.070399961434,1489919,5,success,
denoland/deno,REST,6395.484699867666,1422969,5,success,
angular/angular,GraphQL,2199.528699973598,39272,1,success,
axios/axios,REST,6625.447999918833,1479972,5,success,
nodejs/node,GraphQL,2403.139999951236,38624,1,success,
angular/angular,GraphQL,4110.747099970467,39272,1,success,
tensorflow/tensorflow,REST,5997.264500008896,1440126,5,success,
axios/axios,REST,6805.774699780159,1479972,5,success,
twbs/bootstrap,GraphQL,2119.86849992536,36293,1,success,
denoland/deno,GraphQL,2352.1455000154674,34245,1,success,
nodejs/node,GraphQL,2175.279200077057,38624,1,success,
denoland/deno,REST,6233.53890015278,1422969,5,success,
TheAlgorithms/Python,GraphQL,2908.138900063932,36083,1,success,
airbnb/javascript,REST,6706.279800040647,1376586,5,success,
codecrafters-io/build-your-own-x,GraphQL,3029.729799949564,32838,1,success,
kubernetes/kubernetes,REST,6341.726099955849,2236738,5,success,
facebook/react-native,REST,6458.055299939588,1653912,5,success,
getify/You-Dont-Know-JS,REST,4840.140600106679,284419,5,success,
flutter/flutter,GraphQL,3009.768099989742,41126,1,success,
rust-lang/rust,GraphQL,2714.8796999827027,41622,1,success,
lodash/lodash,GraphQL,2134.4344000099227,29265,1,success,
NVIDIA/DeepLearningExamples,GraphQL,3106.811000034213,34555,1,success,
TheAlgorithms/Python,GraphQL,2673.7345999572426,36083,1,success,
freeCodeCamp/freeCodeCamp,REST,6659.083999926224,1757225,5,success,
microsoft/PowerToys,GraphQL,3735.6621000217274,37962,1,success,
getify/You-Dont-Know-JS,GraphQL,1314.6785999415442,9383,1,success,
rust-lang/rust,GraphQL,2091.2147000199184,41622,1,success,
freeCodeCamp/freeCodeCamp,REST,6384.22449992504,1757225,5,success,
lodash/lodash,REST,6088.814900023863,1077084,5,success,
axios/axios,REST,6918.792900047265,1479972,5,success,
twbs/bootstrap,REST,6161.442200071178,1683361,5,success,
vuejs/vue,GraphQL,2029.4262999668717,33755,1,success,
openai/gpt-3,REST,5180.28170010075,42841,5,success,
getify/You-Dont-Know-JS,REST,4935.918599832803,284419,5,success,
tensorflow/tensorflow,REST,6026.8349999096245,1440126,5,success,
EbookFoundation/free-programming-books,GraphQL,2577.348699909635,30691,1,success,
neovim/neovim,GraphQL,2559.6130000194535,34588,1,success,
996icu/996.ICU,GraphQL,1255.4143000161275,9342,1,success,
golang/go,REST,6386.0791000770405,1554652,5,success,
torvalds/linux,GraphQL,1270.0661999406293,9691,1,success,
TheAlgorithms/Python,REST,6519.218199886382,1643447,5,success,
laravel/laravel,REST,5359.7552998689935,264152,5,success,
airbnb/javascript,GraphQL,2156.3277000095695,36779,1,success,
github/copilot-docs,REST,6735.760699841194,417328,5,success,
ohmyzsh/ohmyzsh,GraphQL,4297.362399986014,36082,1,success,
mrdoob/three.js,REST,6741.520200041123,1485487,5,success,
pallets/flask,REST,5358.509500045329,499322,5,success,
neovim/neovim,REST,6459.617199958302,1486157,5,success,
TheAlgorithms/Python,GraphQL,2726.118199992925,36083,1,success,
ant-design/ant-design,REST,6917.407100088894,1723705,5,success,
getify/You-Dont-Know-JS,GraphQL,1478.8094999967143,9383,1,success,
prettier/prettier,REST,6312.086099991575,1595316,5,success,
angular/angular,REST,6897.024900070392,1722070,5,success,
tensorflow/tensorflow,GraphQL,2138.1521999137476,37868,1,success,
mrdoob/three.js,GraphQL,1784.3305999413133,34898,1,success,
public-apis/public-apis,GraphQL,2376.509900088422,25023,1,success,
pytorch/pytorch,REST,6555.739000090398,1635979,5,success,
github/copilot-docs,GraphQL,1701.0592001024634,8432,1,success,
facebook/react-native,REST,6875.116300070658,1653288,5,success,
sindresorhus/awesome,GraphQL,1834.9888999946415,22051,1,success,
facebook/react-native,REST,6655.648900079541,1653288,5,success,
TheAlgorithms/Python,REST,6848.542500054464,1643447,5,success,
vuejs/vue,REST,6337.3952999245375,1445498,5,success,
996icu/996.ICU,REST,5093.351999879815,291170,5,success,
facebook/react,GraphQL,1968.1683999951929,38190,1,success,
getify/You-Dont-Know-JS,REST,5076.030900119804,284419,5,success,
microsoft/vscode,GraphQL,2355.4053999250755,37220,1,success,
neovim/neovim,REST,6359.547100029886,1486157,5,success,
facebook/jest,GraphQL,1951.065000030212,30545,1,success,
angular/angular,GraphQL,2357.3169000446796,39302,1,success,
twbs/bootstrap,GraphQL,2041.8358000461012,36293,1,success,
vercel/next.js,REST,6716.13710001111,1567804,5,success,
prettier/prettier,REST,6006.77019986324,1595316,5,success,
microsoft/PowerToys,REST,7392.628000001423,1965540,5,success,
MarlinFirmware/Marlin,REST,8088.403800036758,1639851,5,success,
django/django,GraphQL,2284.806599956937,23995,1,success,
codecrafters-io/build-your-own-x,GraphQL,2723.37330004666,32838,1,success,
996icu/996.ICU,REST,4881.137999938801,291170,5,success,
pallets/flask,REST,6047.631800058298,499322,5,success,
laravel/laravel,REST,5452.593900146894,264152,5,success,
facebook/jest,GraphQL,1986.8998000165448,30545,1,success,
vercel/next.js,REST,6398.409899906255,1567804,5,success,
laravel/laravel,GraphQL,1355.9679000172764,10217,1,success,
NVIDIA/DeepLearningExamples,GraphQL,2652.7550999308005,34555,1,success,
MarlinFirmware/Marlin,GraphQL,1960.6085000559688,36506,1,success,
axios/axios,GraphQL,2186.313800048083,35816,1,success,
lodash/lodash,REST,6194.812100031413,1077084,5,success,
kubernetes/kubernetes,REST,7083.844999899156,2236738,5,success,
MarlinFirmware/Marlin,GraphQL,2264.174700016156,36506,1,success,
public-apis/public-apis,REST,6791.584499878809,1495073,5,success,
airbnb/javascript,GraphQL,2809.6358999609947,36779,1,success,
twbs/bootstrap,REST,6891.830500098877,1683361,5,success,
facebook/jest,REST,7002.417599782348,930395,5,success,
ant-design/ant-design,GraphQL,2797.009800095111,35990,1,success,
vuejs/vue,REST,7204.829900059849,1445498,5,success,
public-apis/public-apis,GraphQL,1880.3253000369295,25023,1,success,
pytorch/pytorch,GraphQL,2865.3107000282034,40960,1,success,
kubernetes/kubernetes,REST,6966.601499938406,2236738,5,success,
jwasham/coding-interview-university,GraphQL,2052.701100008562,22290,1,success,
github/copilot-docs,REST,6563.3770999265835,417328,5,success,
flutter/flutter,REST,6781.26659989357,1837187,5,success,
reduxjs/redux,GraphQL,1406.0323999729007,18639,1,success,
NVIDIA/DeepLearningExamples,REST,6881.004600087181,1633363,5,success,
tensorflow/tensorflow,GraphQL,2434.101300081238,37868,1,success,
facebook/react-native,REST,6679.5187999960035,1653288,5,success,
NVIDIA/DeepLearningExamples,GraphQL,2189.762800000608,34555,1,success,
MarlinFirmware/Marlin,GraphQL,1911.1813999479637,36506,1,success,
EbookFoundation/free-programming-books,REST,6667.816099943593,1719236,5,success,
codecrafters-io/build-your-own-x,REST,6511.586099979468,1486255,5,success,
donnemartin/system-design-primer,REST,6516.08930004295,1515735,5,success,
neovim/neovim,REST,6921.429099980742,1486157,5,success,
torvalds/linux,GraphQL,1462.5247999792919,9691,1,success,
prettier/prettier,GraphQL,2021.9440999208018,35519,1,success,
EbookFoundation/free-programming-books,GraphQL,1958.331000059843,30691,1,success,
github/copilot-docs,GraphQL,1546.4632000075653,8432,1,success,
rust-lang/rust,GraphQL,2450.991899939254,41622,1,success,
trekhleb/javascript-algorithms,REST,7085.096799884923,1456935,5,success,
reduxjs/redux,REST,5675.2777001820505,563277,5,success,
django/django,REST,6285.523900063708,1426382,5,success,
d3/d3,GraphQL,1635.1015000836924,13936,1,success,
github/copilot-docs,GraphQL,1650.2627999288961,8432,1,success,
freeCodeCamp/freeCodeCamp,REST,6262.872199877165,1757225,5,success,
jwasham/coding-interview-university,GraphQL,1815.137500059791,22290,1,success,
angular/angular,GraphQL,1985.156900016591,39313,1,success,
facebook/react-native,REST,7256.7183000501245,1653288,5,success,
996icu/996.ICU,GraphQL,1231.843600049615,9342,1,success,
denoland/deno,GraphQL,2451.2699000770226,34245,1,success,
freeCodeCamp/freeCodeCamp,GraphQL,2104.3553999625146,39005,1,success,
pytorch/pytorch,REST,7046.14120000042,1636017,5,success,
torvalds/linux,REST,4640.1987000135705,241405,5,success,
tensorflow/tensorflow,REST,6063.530699932016,1440126,5,success,
rust-lang/rust,REST,6638.021199847572,1791837,5,success,
MarlinFirmware/Marlin,REST,5877.853699959815,1639851,5,success,
tensorflow/tensorflow,REST,5827.085700002499,1440126,5,success,
laravel/laravel,GraphQL,1311.1717000138015,10217,1,success,
nodejs/node,GraphQL,2086.827499908395,38624,1,success,
ohmyzsh/ohmyzsh,GraphQL,2595.9755000658333,36082,1,success,
d3/d3,REST,5785.741899861023,560341,5,success,
facebook/react,REST,6475.937200128101,1669106,5,success,
NVIDIA/DeepLearningExamples,REST,6703.692900016904,1633363,5,success,
golang/go,GraphQL,2047.6531999884173,37324,1,success,
lodash/lodash,REST,6463.159299921244,1077084,5,success,
microsoft/PowerToys,REST,7725.975100067444,1965540,5,success,
EbookFoundation/free-programming-books,GraphQL,1887.0665000285953,30691,1,success,
laravel/laravel,REST,5419.998299796134,264152,5,success,
microsoft/vscode,GraphQL,2486.375799984671,37170,1,success,
twbs/bootstrap,GraphQL,2102.0057999994606,36293,1,success,
NVIDIA/DeepLearningExamples,GraphQL,2069.8682999936864,34555,1,success,
d3/d3,REST,6011.364199919626,560341,5,success,
kubernetes/kubernetes,REST,6755.3899000631645,2236738,5,success,
lodash/lodash,REST,6516.178700025193,1077084,5,success,
pallets/flask,GraphQL,1470.7096000202,11875,1,success,
openai/gpt-3,REST,5428.798400098458,42841,5,success,
EbookFoundation/free-programming-books,REST,6483.332100207917,1719236,5,success,
ant-design/ant-design,GraphQL,2160.74479999952,36042,1,success,
996icu/996.ICU,GraphQL,1286.4165999926627,9342,1,success,
kubernetes/kubernetes,GraphQL,2274.938900023699,40305,1,success,
prettier/prettier,REST,6253.8989001186565,1595316,5,success,
rust-lang/rust,REST,6857.80330025591,1792041,5,success,
flutter/flutter,GraphQL,3122.995699988678,41063,1,success,
lodash/lodash,GraphQL,2333.8004000252113,29265,1,success,
huggingface/transformers,REST,6468.13850000035,1678299,5,success,
openai/gpt-3,GraphQL,1088.4087999584153,2300,1,success,
neovim/neovim,GraphQL,2839.039499987848,34550,1,success,
nodejs/node,REST,6639.308800105937,1644984,5,success,
facebook/jest,GraphQL,1762.7757000736892,30545,1,success,
freeCodeCamp/freeCodeCamp,GraphQL,2030.8169999625534,39005,1,success,
angular/angular,REST,6278.048300067894,1722535,5,success,
trekhleb/javascript-algorithms,REST,6517.846399918199,1456935,5,success,
getify/You-Dont-Know-JS,GraphQL,1224.7483999235556,9383,1,success,
kamranahmedse/developer-roadmap,GraphQL,2602.65839996282,32103,1,success,
openai/gpt-3,GraphQL,1080.3141000214964,2300,1,success,
vuejs/vue,REST,6358.138200012036,1445498,5,success,
kamranahmedse/developer-roadmap,GraphQL,2225.240399944596,32143,1,success,
ohmyzsh/ohmyzsh,GraphQL,2108.80700009875,36082,1,success,
torvalds/linux,REST,4947.473599924706,241405,5,success,
torvalds/linux,GraphQL,1353.4776999149472,9691,1,success,
ohmyzsh/ohmyzsh,GraphQL,2299.086300074123,36082,1,success,
kubernetes/kubernetes,GraphQL,2358.0102999694645,40305,1,success,
denoland/deno,REST,6646.324000088498,1422969,5,success,
microsoft/vscode,GraphQL,2975.2154999878258,37170,1,success,
reduxjs/redux,GraphQL,1631.3121999846771,18639,1,success,
ant-design/ant-design,GraphQL,3106.6441000439227,35767,1,success,
donnemartin/system-design-primer,REST,8743.647799827158,1515735,5,success,
pytorch/pytorch,GraphQL,2857.651099911891,41008,1,success,
facebook/react,GraphQL,2428.990999935195,38190,1,success,
facebook/react,REST,6510.964599903673,1669106,5,success,
kamranahmedse/developer-roadmap,GraphQL,1920.3228000551462,32143,1,success,
public-apis/public-apis,GraphQL,2110.1377999875695,25023,1,success,
tensorflow/tensorflow,REST,6185.76980009675,1440126,5,success,
facebook/jest,REST,7479.523500078358,930395,5,success,
donnemartin/system-design-primer,GraphQL,2434.2476999154314,34331,1,success,
pallets/flask,REST,5172.405300079845,499322,5,success,
twbs/bootstrap,REST,6687.189199961722,1683361,5,success,
996icu/996.ICU,REST,4995.509900036268,291170,5,success,
laravel/laravel,REST,5301.5314998338,264152,5,success,
facebook/react-native,REST,6484.456800040789,1653288,5,success,
huggingface/transformers,GraphQL,2364.0394000103697,35908,1,success,
golang/go,GraphQL,2148.6593999434263,37324,1,success,
github/gitignore,REST,7885.343299945816,1489919,5,success,
kubernetes/kubernetes,GraphQL,2283.4153999574482,40305,1,success,
flutter/flutter,GraphQL,2207.1950000245124,41169,1,success,
freeCodeCamp/freeCodeCamp,REST,6201.154700131156,1757225,5,success,
torvalds/linux,GraphQL,1267.8117000032216,9691,1,success,
d3/d3,GraphQL,1452.8204000089318,13936,1,success,
angular/angular,GraphQL,2208.7805999908596,39313,1,success,
public-apis/public-apis,REST,6102.345000137575,1495073,5,success,
facebook/react-native,REST,6583.474799990654,1653288,5,success,
donnemartin/system-design-primer,GraphQL,2266.9315999373794,34331,1,success,
trekhleb/javascript-algorithms,REST,6748.985099955462,1456935,5,success,
neovim/neovim,GraphQL,2050.3710000775754,34676,1,success,
huggingface/transformers,REST,6521.452800021507,1678299,5,success,
airbnb/javascript,GraphQL,1973.0365999275818,36779,1,success,
nodejs/node,REST,6264.6330000134185,1644984,5,success,
MarlinFirmware/Marlin,REST,6016.942200134508,1639851,5,success,
github/copilot-docs,GraphQL,1683.2005000906065,8432,1,success,
sindresorhus/awesome,GraphQL,1801.932500093244,22051,1,success,
codecrafters-io/build-your-own-x,REST,6220.679200254381,1486255,5,success,
flutter/flutter,REST,7170.080799958669,1838867,5,success,
MarlinFirmware/Marlin,REST,6030.668300110847,1639851,5,success,
NVIDIA/DeepLearningExamples,REST,7468.212399980985,1633363,5,success,
huggingface/transformers,GraphQL,2534.4513000454754,35908,1,success,
jwasham/coding-interview-university,GraphQL,1914.8835999658331,22290,1,success,
MarlinFirmware/Marlin,REST,6175.884599913843,1639851,5,success,
facebook/react-native,GraphQL,1977.0800999831408,39897,1,success,
reduxjs/redux,GraphQL,1508.8416000362486,18639,1,success,
facebook/react-native,GraphQL,2324.408100103028,39897,1,success,
microsoft/PowerToys,REST,7649.113299907185,1965540,5,success,
microsoft/vscode,REST,7672.270900104195,1882936,5,success,
github/gitignore,GraphQL,4533.569500083104,20859,1,success,
trekhleb/javascript-algorithms,REST,6939.575399970636,1456935,5,success,
github/gitignore,REST,7920.923599973321,1489919,5,success,
lodash/lodash,REST,6292.044400121085,1077084,5,success,
twbs/bootstrap,REST,6351.825100136921,1683361,5,success,
mrdoob/three.js,REST,6149.399799993262,1485487,5,success,
microsoft/PowerToys,REST,7818.784500123002,1965540,5,success,
pytorch/pytorch,GraphQL,3843.918099999428,40942,1,success,
facebook/react-native,GraphQL,1945.315400022082,39897,1,success,
rust-lang/rust,REST,6651.050900225528,1791031,5,success,
freeCodeCamp/freeCodeCamp,GraphQL,1984.6879000542685,39053,1,success,
ohmyzsh/ohmyzsh,GraphQL,2160.269500105642,36082,1,success,
d3/d3,GraphQL,1608.2469000248238,13936,1,success,
mrdoob/three.js,GraphQL,1942.3855999484658,34898,1,success,
angular/angular,REST,6674.956200062297,1722535,5,success,
sindresorhus/awesome,GraphQL,1898.5109000932425,22051,1,success,
django/django,GraphQL,1823.5102000180632,23995,1,success,
twbs/bootstrap,GraphQL,2494.0371999982744,36293,1,success,
sindresorhus/awesome,GraphQL,2128.6681999918073,22051,1,success,
pallets/flask,GraphQL,1537.7608999842778,11875,1,success,
golang/go,GraphQL,2178.6060999147594,37324,1,success,
neovim/neovim,REST,6699.703999911435,1484389,5,success,
pallets/flask,GraphQL,1443.7474000733346,11875,1,success,
public-apis/public-apis,REST,6704.440700006671,1495073,5,success,
openai/gpt-3,REST,4973.6800998216495,42841,5,success,
airbnb/javascript,REST,7098.038100055419,1376586,5,success,
facebook/react-native,GraphQL,2336.0518000554293,39897,1,success,
github/gitignore,GraphQL,1967.3593000043184,20859,1,success,
nodejs/node,GraphQL,1957.5700999703258,38624,1,success,
trekhleb/javascript-algorithms,REST,6337.528599891812,1456935,5,success,
EbookFoundation/free-programming-books,REST,6341.877899947576,1719236,5,success,
neovim/neovim,GraphQL,2569.4255999987945,34676,1,success,
d3/d3,REST,5652.172899921425,560341,5,success,
microsoft/vscode,REST,8034.311599913053,1882936,5,success,
EbookFoundation/free-programming-books,GraphQL,1857.8470000065863,30691,1,success,
prettier/prettier,REST,6512.164200074039,1595316,5,success,
vercel/next.js,REST,6775.958999991417,1567804,5,success,
vuejs/vue,REST,6536.159499897622,1445498,5,success,
flutter/flutter,REST,6654.52739992179,1838867,5,success,
microsoft/vscode,GraphQL,2245.054400060326,37170,1,success,
facebook/react-native,REST,6714.042300009169,1653288,5,success,
vercel/next.js,GraphQL,3487.625899957493,37536,1,success,
torvalds/linux,REST,4832.385300076567,241405,5,success,
codecrafters-io/build-your-own-x,GraphQL,2238.200100022368,32838,1,success,
getify/You-Dont-Know-JS,REST,4863.790199975483,284419,5,success,
axios/axios,GraphQL,1923.3505999436602,35816,1,success,
TheAlgorithms/Python,REST,6546.122999978252,1643447,5,success,
ohmyzsh/ohmyzsh,REST,7017.983199912123,1638153,5,success,
microsoft/vscode,REST,7825.435700127855,1882936,5,success,
mrdoob/three.js,REST,6931.946100085042,1485487,5,success,
codecrafters-io/build-your-own-x,GraphQL,2159.6232999581844,32838,1,success,
torvalds/linux,GraphQL,1388.6870000278577,9691,1,success,
MarlinFirmware/Marlin,GraphQL,2329.0047999471426,36506,1,success,
twbs/bootstrap,REST,7788.361300015822,1683361,5,success,
jwasham/coding-interview-university,REST,6960.565999965183,761949,5,success,
ohmyzsh/ohmyzsh,GraphQL,2308.6868000682443,36082,1,success,
public-apis/public-apis,GraphQL,1724.522600066848,25023,1,success,
reduxjs/redux,REST,5526.609000051394,563277,5,success,
ant-design/ant-design,GraphQL,2250.262700021267,35877,1,success,
pallets/flask,GraphQL,1442.4396000104025,11875,1,success,
facebook/react,GraphQL,2142.07120006904,38190,1,success,
pytorch/pytorch,GraphQL,2350.6270999787375,41004,1,success,
getify/You-Dont-Know-JS,REST,5342.505400069058,284419,5,success,
tensorflow/tensorflow,REST,5807.470900239423,1440126,5,success,
jwasham/coding-interview-university,GraphQL,1498.1021001003683,22290,1,success,
pallets/flask,GraphQL,1327.838800032623,11875,1,success,
microsoft/vscode,REST,7881.443800055422,1882936,5,success,
tensorflow/tensorflow,REST,6041.7706000152975,1440126,5,success,
tensorflow/tensorflow,GraphQL,2074.644200038165,37868,1,success,
tensorflow/tensorflow,GraphQL,1964.6338999737054,37868,1,success,
nodejs/node,GraphQL,2102.6767999865115,38624,1,success,
996icu/996.ICU,GraphQL,1501.227799919434,9342,1,success,
facebook/react-native,GraphQL,2223.702699993737,39897,1,success,
freeCodeCamp/freeCodeCamp,REST,6773.448399850167,1742487,5,success,
996icu/996.ICU,GraphQL,1201.350099989213,9342,1,success,
d3/d3,GraphQL,1464.5071999402717,13936,1,success,
prettier/prettier,GraphQL,3536.286999937147,35519,1,success,
pytorch/pytorch,GraphQL,2480.20670004189,41004,1,success,
lodash/lodash,REST,6405.443200026639,1077084,5,success,
denoland/deno,REST,7241.377899888903,1422969,5,success,
facebook/react,REST,6526.841199956834,1669106,5,success,
github/gitignore,REST,8974.031200050376,1489919,5,success,
torvalds/linux,REST,5908.7808998301625,241405,5,success,
donnemartin/system-design-primer,REST,7151.692399987951,1515735,5,success,
nodejs/node,GraphQL,2268.5218999395147,38624,1,success,
rust-lang/rust,GraphQL,2347.3549999762326,41647,1,success,
tensorflow/tensorflow,REST,6548.637599800713,1440126,5,success,
NVIDIA/DeepLearningExamples,REST,6422.744000097737,1633363,5,success,
trekhleb/javascript-algorithms,REST,6206.300800200552,1456935,5,success,
kubernetes/kubernetes,GraphQL,2472.4551000399515,40305,1,success,
sindresorhus/awesome,GraphQL,1947.4233000073582,22051,1,success,
golang/go,GraphQL,2311.2196000292897,37324,1,success,
lodash/lodash,GraphQL,1959.000000031665,29265,1,success,
microsoft/vscode,GraphQL,2445.0572000350803,37170,1,success,
ant-design/ant-design,REST,6246.833199984394,1724825,5,success,
openai/gpt-3,GraphQL,1119.887600070797,2300,1,success,
kamranahmedse/developer-roadmap,GraphQL,2487.3393999878317,32143,1,success,
NVIDIA/DeepLearningExamples,GraphQL,2039.4096000818536,34555,1,success,
rust-lang/rust,GraphQL,1828.639499959536,41647,1,success,
twbs/bootstrap,GraphQL,1896.0661999881268,36293,1,success,
pytorch/pytorch,REST,6764.377300045453,1635988,5,success,
flutter/flutter,REST,6372.627499862574,1838867,5,success,
pytorch/pytorch,REST,6557.784800184891,1635988,5,success,
facebook/react-native,GraphQL,2235.6815000530332,39897,1,success,
sindresorhus/awesome,REST,7439.7028000094,1480115,5,success,
angular/angular,REST,6252.454199944623,1722535,5,success,
huggingface/transformers,GraphQL,3736.4286999218166,35908,1,success,
NVIDIA/DeepLearningExamples,GraphQL,2054.22039993573,34555,1,success,
ant-design/ant-design,REST,7634.2809001216665,1724825,5,success,
openai/gpt-3,REST,5724.497199989855,42841,5,success,
trekhleb/javascript-algorithms,GraphQL,2533.541399985552,34481,1,success,
facebook/react,GraphQL,2038.1733999820426,38229,1,success,
public-apis/public-apis,GraphQL,2737.644499982707,25023,1,success,
flutter/flutter,REST,6593.7418000539765,1838867,5,success,
NVIDIA/DeepLearningExamples,REST,7522.425499977544,1633363,5,success,
tensorflow/tensorflow,REST,6238.4893000125885,1440126,5,success,
torvalds/linux,REST,4929.523899918422,241405,5,success,
pytorch/pytorch,GraphQL,2980.469400063157,40868,1,success,
vercel/next.js,REST,6570.619299891405,1567804,5,success,
laravel/laravel,GraphQL,1498.7810000311583,10217,1,success,
vercel/next.js,REST,6560.244600172155,1567804,5,success,
facebook/react,GraphQL,2635.713200084865,38229,1,success,
mrdoob/three.js,GraphQL,1955.4931999882683,34898,1,success,
vuejs/vue,GraphQL,1916.5449000429362,33755,1,success,
vercel/next.js,GraphQL,2251.9318000413477,37536,1,success,
angular/angular,GraphQL,2119.8220000369474,39313,1,success,
lodash/lodash,GraphQL,1757.4371000519022,29265,1,success,
vercel/next.js,REST,6691.283899825066,1567804,5,success,
neovim/neovim,GraphQL,2335.051400004886,34676,1,success,
airbnb/javascript,REST,6430.869299918413,1376586,5,success,
laravel/laravel,GraphQL,1488.514499971643,10217,1,success,
donnemartin/system-design-primer,GraphQL,5111.574699985795,34331,1,success,
django/django,REST,6138.9615999069065,1426382,5,success,
getify/You-Dont-Know-JS,REST,4945.261899847537,284419,5,success,
EbookFoundation/free-programming-books,REST,6210.065099992789,1719236,5,success,
kamranahmedse/developer-roadmap,REST,6295.770699973218,1228483,5,success,
ant-design/ant-design,REST,6659.2695999424905,1724825,5,success,
ant-design/ant-design,GraphQL,2535.9997999621555,35915,1,success,
reduxjs/redux,REST,5892.157900030725,563277,5,success,
public-apis/public-apis,GraphQL,1811.108099995181,25023,1,success,
sindresorhus/awesome,REST,6231.304700137116,1480115,5,success,
getify/You-Dont-Know-JS,REST,5161.219999892637,284419,5,success,
mrdoob/three.js,REST,6429.049200029112,1485487,5,success,
microsoft/PowerToys,GraphQL,2058.75870003365,37962,1,success,
laravel/laravel,GraphQL,1305.4105999181047,10217,1,success,
kamranahmedse/developer-roadmap,GraphQL,1820.4936999827623,32143,1,success,
ohmyzsh/ohmyzsh,REST,8311.037400038913,1638153,5,success,
pytorch/pytorch,GraphQL,2765.99330001045,40868,1,success,
facebook/jest,GraphQL,1905.4322000592947,30545,1,success,
getify/You-Dont-Know-JS,GraphQL,1570.0986000010744,9383,1,success,
django/django,REST,6088.638800079934,1426382,5,success,
rust-lang/rust,GraphQL,1930.5463000200689,41647,1,success,
golang/go,REST,6626.652400125749,1554899,5,success,
trekhleb/javascript-algorithms,REST,7619.0624999580905,1456935,5,success,
TheAlgorithms/Python,GraphQL,1972.542000003159,36083,1,success,
facebook/react,GraphQL,1970.8550000796095,38229,1,success,
kamranahmedse/developer-roadmap,GraphQL,2015.0782000273466,32143,1,success,
github/gitignore,GraphQL,1952.9696999816224,20859,1,success,
jwasham/coding-interview-university,GraphQL,1429.6196000650525,22290,1,success,
microsoft/PowerToys,GraphQL,2284.8837999626994,37962,1,success,
torvalds/linux,GraphQL,1260.522500029765,9691,1,success,
django/django,REST,6327.000399818644,1426382,5,success,
getify/You-Dont-Know-JS,REST,4991.566900163889,284419,5,success,
freeCodeCamp/freeCodeCamp,GraphQL,2562.7626000205055,39053,1,success,
django/django,REST,6487.932100193575,1426382,5,success,
sindresorhus/awesome,GraphQL,2140.0194000452757,22051,1,success,
jwasham/coding-interview-university,GraphQL,1653.0058000935242,22290,1,success,
twbs/bootstrap,REST,6551.192399929278,1683361,5,success,
codecrafters-io/build-your-own-x,REST,6641.821899800561,1486255,5,success,
MarlinFirmware/Marlin,REST,6866.176500101574,1639851,5,success,
pallets/flask,GraphQL,1324.8426999198273,11875,1,success,
codecrafters-io/build-your-own-x,REST,6125.285400077701,1486255,5,success,
huggingface/transformers,REST,7042.300199973397,1678299,5,success,
angular/angular,REST,6807.496900088154,1722535,5,success,
github/copilot-docs,GraphQL,1617.0733999460936,8432,1,success,
github/copilot-docs,REST,6684.176200069487,417328,5,success,
facebook/jest,GraphQL,1747.5184999639168,30545,1,success,
openai/gpt-3,REST,5158.667199779302,42841,5,success,
neovim/neovim,REST,6436.872400227003,1484389,5,success,
facebook/jest,REST,7188.002999871969,930395,5,success,
facebook/jest,REST,7147.28870021645,930395,5,success,
kubernetes/kubernetes,GraphQL,1962.0683999964967,40285,1,success,
codecrafters-io/build-your-own-x,REST,6520.006699953228,1486255,5,success,
facebook/react,REST,6727.427700185217,1668652,5,success,
trekhleb/javascript-algorithms,GraphQL,2196.6005999129266,34481,1,success,
freeCodeCamp/freeCodeCamp,REST,6394.448500010185,1742487,5,success,
ohmyzsh/ohmyzsh,REST,6338.864500052296,1638153,5,success,
EbookFoundation/free-programming-books,GraphQL,2197.2910999320447,30691,1,success,
rust-lang/rust,GraphQL,2328.903299989179,41647,1,success,
vercel/next.js,GraphQL,2765.10399999097,37536,1,success,
sindresorhus/awesome,REST,6164.195100078359,1480115,5,success,
openai/gpt-3,GraphQL,1104.0124000282958,2300,1,success,
prettier/prettier,REST,6144.566200091504,1595316,5,success,
kamranahmedse/developer-roadmap,REST,6287.099399953149,1228483,5,success,
EbookFoundation/free-programming-books,REST,6339.290699805133,1719236,5,success,
trekhleb/javascript-algorithms,GraphQL,2209.4379999907687,34481,1,success,
sindresorhus/awesome,GraphQL,2473.252100055106,22051,1,success,
ohmyzsh/ohmyzsh,REST,6707.995300064795,1638153,5,success,
reduxjs/redux,GraphQL,1776.2845000252128,18639,1,success,
reduxjs/redux,REST,5417.817999958061,563277,5,success,
996icu/996.ICU,REST,5816.900399862789,291170,5,success,
TheAlgorithms/Python,REST,7052.029900019988,1643447,5,success,
MarlinFirmware/Marlin,GraphQL,1732.101900037378,36506,1,success,
github/gitignore,REST,7412.896099733189,1489919,5,success,
996icu/996.ICU,REST,4992.207100032829,291170,5,success,
kubernetes/kubernetes,GraphQL,2276.8228999339044,40285,1,success,
jwasham/coding-interview-university,REST,5887.370000011288,761949,5,success,
TheAlgorithms/Python,GraphQL,2145.538999931887,36083,1,success,
reduxjs/redux,GraphQL,1571.7874000547454,18639,1,success,
github/copilot-docs,REST,6704.09410004504,417328,5,success,
ant-design/ant-design,REST,6494.460500078276,1724825,5,success,
prettier/prettier,GraphQL,1904.3148000491783,35519,1,success,
kubernetes/kubernetes,REST,6823.193100048229,2244495,5,success,
django/django,GraphQL,1989.553999970667,23995,1,success,
kamranahmedse/developer-roadmap,REST,8298.585899872705,1228483,5,success,
flutter/flutter,GraphQL,2568.4670999180526,40986,1,success,
NVIDIA/DeepLearningExamples,REST,6320.94750017859,1633363,5,success,
golang/go,REST,6571.934899897315,1554899,5,success,
huggingface/transformers,REST,6562.688499921933,1678299,5,success,
kubernetes/kubernetes,GraphQL,1840.7341000856832,40285,1,success,
django/django,GraphQL,2047.974199987948,23995,1,success,
EbookFoundation/free-programming-books,GraphQL,2216.9971999246627,30691,1,success,
laravel/laravel,REST,5352.502999943681,264152,5,success,
kamranahmedse/developer-roadmap,REST,5745.493700145744,1228483,5,success,
microsoft/vscode,REST,7758.326799958013,1884970,5,success,
facebook/react,REST,7027.499899966642,1668652,5,success,
996icu/996.ICU,REST,5100.353599991649,291170,5,success,
rust-lang/rust,GraphQL,1965.7715000212193,41647,1,success,
pytorch/pytorch,REST,6524.495900142938,1630134,5,success,
mrdoob/three.js,REST,5982.16870019678,1485487,5,success,
ohmyzsh/ohmyzsh,GraphQL,2063.296900014393,36082,1,success,
donnemartin/system-design-primer,REST,6371.183699928224,1515735,5,success,
github/gitignore,GraphQL,2898.0716000078246,20859,1,success,
huggingface/transformers,GraphQL,1934.344100067392,35908,1,success,
axios/axios,REST,6468.03689992521,1479972,5,success,
codecrafters-io/build-your-own-x,GraphQL,2112.5676000956446,32838,1,success,
pallets/flask,GraphQL,2028.9662999566644,11875,1,success,
sindresorhus/awesome,REST,5928.7116000195965,1480115,5,success,
axios/axios,REST,6569.857900030911,1479972,5,success,
kubernetes/kubernetes,REST,7537.264199927449,2244495,5,success,
public-apis/public-apis,REST,5884.51509992592,1494326,5,success,
lodash/lodash,GraphQL,1975.8247999707237,29265,1,success,
twbs/bootstrap,GraphQL,1869.6194000076503,36293,1,success,
laravel/laravel,GraphQL,1277.643199893646,10217,1,success,
microsoft/PowerToys,GraphQL,2004.4687999179587,37962,1,success,
laravel/laravel,GraphQL,1251.030100043863,10217,1,success,
facebook/jest,REST,6871.669400134124,930395,5,success,
nodejs/node,GraphQL,2087.922100094147,38624,1,success,
github/copilot-docs,REST,6592.10480004549,417328,5,success,
nodejs/node,GraphQL,2509.13469993975,38624,1,success,
golang/go,GraphQL,2523.461499949917,37345,1,success,
trekhleb/javascript-algorithms,GraphQL,2080.8977000415325,34481,1,success,
mrdoob/three.js,REST,6057.573099853471,1485487,5,success,
kubernetes/kubernetes,GraphQL,2289.8183999350294,40285,1,success,
MarlinFirmware/Marlin,GraphQL,1742.906800005585,36506,1,success,
facebook/react,REST,6538.0342999706045,1668652,5,success,
torvalds/linux,REST,4733.299400075339,241405,5,success,
django/django,GraphQL,1858.9418000774458,23995,1,success,
facebook/react,REST,6967.386600095779,1668652,5,success,
prettier/prettier,GraphQL,2195.6873999442905,35519,1,success,
public-apis/public-apis,GraphQL,2098.18849992007,25016,1,success,
nodejs/node,REST,6892.790900077671,1644984,5,success,
github/copilot-docs,GraphQL,1764.9627000791952,8432,1,success,
facebook/react,GraphQL,1762.268300051801,38229,1,success,
tensorflow/tensorflow,GraphQL,1847.4426999455318,37868,1,success,
huggingface/transformers,REST,7646.568599971943,1678299,5,success,
996icu/996.ICU,GraphQL,1522.3717999178916,9342,1,success,
nodejs/node,REST,6972.8491000132635,1644984,5,success,
TheAlgorithms/Python,GraphQL,2182.476600049995,36083,1,success,
jwasham/coding-interview-university,REST,5809.828099911101,761949,5,success,
neovim/neovim,REST,6465.894000139087,1484397,5,success,
pallets/flask,REST,5934.429500019178,499322,5,success,
openai/gpt-3,GraphQL,1143.2678001001477,2300,1,success,
kamranahmedse/developer-roadmap,REST,5829.525799956173,1228483,5,success,
pytorch/pytorch,REST,6205.676700104959,1622744,5,success,
mrdoob/three.js,REST,5975.221500149928,1485487,5,success,
d3/d3,REST,5644.130200147629,560341,5,success,
axios/axios,REST,7012.180499965325,1479972,5,success,
airbnb/javascript,GraphQL,2001.3555999612436,36779,1,success,
vuejs/vue,REST,7069.670999771915,1445498,5,success,
public-apis/public-apis,REST,6166.368899983354,1494326,5,success,
facebook/react,REST,6729.973899899051,1668652,5,success,
twbs/bootstrap,GraphQL,1762.0679000392556,36293,1,success,
codecrafters-io/build-your-own-x,REST,6638.588399975561,1486255,5,success,
github/gitignore,REST,7602.487299940549,1489919,5,success,
github/gitignore,GraphQL,2686.364500084892,20859,1,success,
vuejs/vue,REST,6678.890600102022,1445498,5,success,
neovim/neovim,GraphQL,2184.01750002522,34676,1,success,
flutter/flutter,GraphQL,2423.601799993776,41096,1,success,
pallets/flask,GraphQL,1346.6231999918818,11875,1,success,
denoland/deno,REST,6483.742300071754,1422969,5,success,
golang/go,REST,6856.185000040568,1554899,5,success,
facebook/jest,GraphQL,1796.9477000879124,30545,1,success,
huggingface/transformers,REST,6387.93330010958,1678299,5,success,
vuejs/vue,GraphQL,1842.35490008723,33755,1,success,
tensorflow/tensorflow,GraphQL,2192.2332000685856,37868,1,success,
ohmyzsh/ohmyzsh,GraphQL,2662.3708999250084,36082,1,success,
denoland/deno,GraphQL,2105.802300036885,34245,1,success,
freeCodeCamp/freeCodeCamp,GraphQL,2126.256800023839,39053,1,success,
flutter/flutter,GraphQL,3139.924500021152,40946,1,success,
d3/d3,GraphQL,1564.1929999692366,13936,1,success,
huggingface/transformers,GraphQL,1948.6319000134245,35908,1,success,
sindresorhus/awesome,GraphQL,1870.6433000043035,22051,1,success,
pytorch/pytorch,REST,6735.693400260061,1622744,5,success,
prettier/prettier,GraphQL,1853.7089000456035,35519,1,success,
donnemartin/system-design-primer,GraphQL,2453.5280000418425,34331,1,success,
lodash/lodash,REST,6402.303899987601,1077084,5,success,
public-apis/public-apis,REST,6342.539399978705,1494326,5,success,
torvalds/linux,GraphQL,1348.9073999226093,9691,1,success,
github/copilot-docs,GraphQL,1637.4707999639213,8432,1,success,
nodejs/node,REST,6647.91549986694,1644984,5,success,
codecrafters-io/build-your-own-x,GraphQL,2040.6293000560254,32838,1,success,
trekhleb/javascript-algorithms,GraphQL,2047.9441999923438,34481,1,success,
facebook/react,GraphQL,2080.1037000492215,38229,1,success,
denoland/deno,GraphQL,2242.7908000536263,34245,1,success,
MarlinFirmware/Marlin,REST,5889.770900132135,1639851,5,success,
MarlinFirmware/Marlin,REST,6438.59349982813,1639851,5,success,
jwasham/coding-interview-university,REST,6225.491799879819,761949,5,success,
golang/go,GraphQL,2338.7672000098974,37345,1,success,
django/django,GraphQL,1803.8181000156328,23995,1,success,
freeCodeCamp/freeCodeCamp,REST,6138.990099891089,1742487,5,success,
github/gitignore,GraphQL,2222.6058000233024,20859,1,success,
golang/go,REST,6269.669099827297,1554899,5,success,
axios/axios,GraphQL,1952.2405000170693,35816,1,success,
golang/go,REST,6693.69459990412,1554899,5,success,
reduxjs/redux,REST,5801.042599836364,563277,5,success,
facebook/jest,REST,7587.252699886449,930395,5,success,
ohmyzsh/ohmyzsh,GraphQL,2218.08940009214,36082,1,success,
openai/gpt-3,GraphQL,1112.6499000238255,2300,1,success,
996icu/996.ICU,REST,4925.026799901389,291170,5,success,
facebook/jest,REST,7570.320500060916,930395,5,success,
axios/axios,GraphQL,1896.0169999627396,35816,1,success,
openai/gpt-3,GraphQL,1116.8626999715343,2300,1,success,
vuejs/vue,GraphQL,2515.7435999717563,33755,1,success,
NVIDIA/DeepLearningExamples,GraphQL,1956.147599965334,34555,1,success,
TheAlgorithms/Python,GraphQL,2082.2413000278175,36083,1,success,
TheAlgorithms/Python,REST,6435.80369988922,1643447,5,success,
pytorch/pytorch,REST,6586.951100151055,1622744,5,success,
EbookFoundation/free-programming-books,REST,6355.353699880652,1719236,5,success,
vercel/next.js,GraphQL,2208.8452000170946,37536,1,success,
axios/axios,GraphQL,2027.1419000346214,35816,1,success,
github/gitignore,REST,8011.821500142105,1489919,5,success,
reduxjs/redux,GraphQL,1532.564299996011,18639,1,success,
huggingface/transformers,REST,6504.139400087297,1678299,5,success,
jwasham/coding-interview-university,GraphQL,1593.9858000492677,22290,1,success,
996icu/996.ICU,GraphQL,1295.262600062415,9342,1,success,
996icu/996.ICU,GraphQL,1196.944999974221,9342,1,success,
facebook/jest,GraphQL,1630.7110999478027,30545,1,success,
reduxjs/redux,REST,5696.093700127676,563277,5,success,
codecrafters-io/build-your-own-x,GraphQL,1937.5714999623597,32838,1,success,
pallets/flask,GraphQL,1305.9028999414295,11875,1,success,
996icu/996.ICU,REST,5029.513999936171,291170,5,success,
neovim/neovim,REST,6204.28340008948,1484397,5,success,
openai/gpt-3,REST,4945.40130009409,42841,5,success,
torvalds/linux,REST,4935.759299900383,241405,5,success,
lodash/lodash,GraphQL,1717.193500022404,29265,1,success,
github/copilot-docs,REST,6425.902200047858,417328,5,success,
codecrafters-io/build-your-own-x,GraphQL,1905.1097000483423,32838,1,success,
microsoft/vscode,REST,8132.6326000271365,1884961,5,success,
EbookFoundation/free-programming-books,GraphQL,2414.100799942389,30691,1,success,
codecrafters-io/build-your-own-x,REST,7561.001999885775,1486255,5,success,
laravel/laravel,REST,5221.127299941145,264152,5,success,
NVIDIA/DeepLearningExamples,REST,6540.5658999225125,1633363,5,success,
twbs/bootstrap,REST,6245.797099894844,1683361,5,success,
jwasham/coding-interview-university,GraphQL,1752.5652999756858,22290,1,success,
angular/angular,GraphQL,2335.5326000601053,39313,1,success,
django/django,REST,6563.715500058606,1426382,5,success,
microsoft/vscode,REST,8597.242500050925,1884961,5,success,
reduxjs/redux,REST,6069.746599998325,563277,5,success,
vuejs/vue,REST,6344.706199830398,1445498,5,success,
prettier/prettier,GraphQL,2553.432400105521,35519,1,success,
golang/go,REST,7112.293499871157,1554899,5,success,
facebook/jest,REST,8251.697500119917,930395,5,success,
twbs/bootstrap,REST,6503.392599988729,1683361,5,success,
denoland/deno,REST,7530.242599896155,1422969,5,success,
NVIDIA/DeepLearningExamples,REST,7329.552199924365,1633363,5,success,
lodash/lodash,GraphQL,1969.5700000738725,29265,1,success,
huggingface/transformers,REST,6674.474000115879,1678299,5,success,
twbs/bootstrap,GraphQL,2342.9570000153035,36293,1,success,
facebook/jest,REST,7396.337499958463,930395,5,success,
torvalds/linux,GraphQL,1449.9132999917492,9691,1,success,
vuejs/vue,GraphQL,2312.619399977848,33755,1,success,
prettier/prettier,REST,7513.614300172776,1595316,5,success,
axios/axios,REST,6563.192099914886,1479972,5,success,
getify/You-Dont-Know-JS,GraphQL,1233.1256000325084,9551,1,success,
flutter/flutter,REST,6606.84429993853,1836065,5,success,
MarlinFirmware/Marlin,GraphQL,1886.0261000227183,36506,1,success,
donnemartin/system-design-primer,GraphQL,2755.1211999962106,34331,1,success,
airbnb/javascript,GraphQL,2992.446699994616,36779,1,success,
rust-lang/rust,GraphQL,2013.6982999974862,41650,1,success,
pytorch/pytorch,REST,6630.455299979076,1622856,5,success,
flutter/flutter,REST,6939.496500068344,1836065,5,success,
ohmyzsh/ohmyzsh,REST,6792.862199945375,1638153,5,success,
sindresorhus/awesome,REST,6236.469399998896,1480115,5,success,
github/copilot-docs,REST,6536.725100013427,417328,5,success,
kamranahmedse/developer-roadmap,GraphQL,2291.705399984494,32143,1,success,
denoland/deno,GraphQL,2440.9021000610664,34245,1,success,
nodejs/node,REST,6674.319499870762,1644984,5,success,
neovim/neovim,REST,6586.391799966805,1487735,5,success,
neovim/neovim,REST,6961.5645001176745,1487735,5,success,
996icu/996.ICU,REST,5054.744299966842,291170,5,success,
996icu/996.ICU,GraphQL,1285.1490000030026,9342,1,success,
prettier/prettier,REST,6381.825900054537,1595316,5,success,
vercel/next.js,REST,6994.692900101654,1567804,5,success,
microsoft/vscode,GraphQL,2663.33490004763,37195,1,success,
trekhleb/javascript-algorithms,GraphQL,2080.6161999935284,34481,1,success,
jwasham/coding-interview-university,GraphQL,1810.634099994786,22290,1,success,
twbs/bootstrap,REST,6487.205899902619,1683361,5,success,
public-apis/public-apis,REST,6794.69740006607,1494326,5,success,
nodejs/node,REST,6154.011300066486,1644984,5,success,
openai/gpt-3,REST,5015.528199961409,42841,5,success,
airbnb/javascript,GraphQL,2283.494699979201,36779,1,success,
golang/go,GraphQL,1928.3163000363857,37345,1,success,
huggingface/transformers,GraphQL,2630.0179000245407,35908,1,success,
prettier/prettier,REST,6364.664599765092,1595316,5,success,
vercel/next.js,REST,6197.51010008622,1567804,5,success,
github/copilot-docs,GraphQL,1546.7244000174105,8432,1,success,
openai/gpt-3,REST,5022.377400076948,42841,5,success,
facebook/react,GraphQL,1872.063699993305,38229,1,success,
huggingface/transformers,REST,6116.7107000947,1678299,5,success,
flutter/flutter,REST,6566.485499963164,1836065,5,success,
github/gitignore,REST,8012.006699922495,1489919,5,success,
airbnb/javascript,REST,6845.926299924031,1376586,5,success,
ant-design/ant-design,REST,6151.533699827269,1705865,5,success,
airbnb/javascript,REST,6654.002500232309,1376586,5,success,
denoland/deno,GraphQL,2027.675800025463,34245,1,success,
microsoft/vscode,REST,7165.241800015792,1884970,5,success,
openai/gpt-3,REST,4908.145099878311,42841,5,success,
ant-design/ant-design,GraphQL,2469.412999926135,35656,1,success,
NVIDIA/DeepLearningExamples,REST,6764.246699982323,1633363,5,success,
microsoft/PowerToys,GraphQL,2163.9414000092074,37962,1,success,
donnemartin/system-design-primer,REST,6987.11300001014,1515735,5,success,
axios/axios,REST,7301.792399957776,1479972,5,success,
rust-lang/rust,REST,6654.183999984525,1789109,5,success,
public-apis/public-apis,GraphQL,1730.31000001356,25016,1,success,
trekhleb/javascript-algorithms,GraphQL,1962.7588000148535,34481,1,success,
ant-design/ant-design,GraphQL,2144.961600075476,35690,1,success,
NVIDIA/DeepLearningExamples,GraphQL,2054.72929996904,34555,1,success,
golang/go,GraphQL,1868.8552000094205,37345,1,success,
tensorflow/tensorflow,GraphQL,2152.2819999372587,37868,1,success,
laravel/laravel,GraphQL,1706.0826999368146,10217,1,success,
mrdoob/three.js,GraphQL,1880.3655999945477,34898,1,success,
denoland/deno,REST,6229.746300028637,1422969,5,success,
codecrafters-io/build-your-own-x,GraphQL,2059.064600034617,32838,1,success,
golang/go,REST,7095.123200095259,1554899,5,success,
github/gitignore,GraphQL,2395.856100018136,20859,1,success,
donnemartin/system-design-primer,REST,6622.6740998681635,1515735,5,success,
rust-lang/rust,REST,6763.559100101702,1789109,5,success,
ant-design/ant-design,REST,6596.628199913539,1705865,5,success,
mrdoob/three.js,REST,6400.342599838041,1485487,5,success,
reduxjs/redux,GraphQL,1574.910999974236,18639,1,success,
microsoft/PowerToys,GraphQL,2136.323499958962,37962,1,success,
ant-design/ant-design,REST,6438.005200005136,1705865,5,success,
pallets/flask,REST,5585.753600113094,499322,5,success,
TheAlgorithms/Python,GraphQL,2199.7766999993473,36083,1,success,
prettier/prettier,GraphQL,3734.6821000101045,35519,1,success,
d3/d3,GraphQL,1580.2752999588847,13936,1,success,
TheAlgorithms/Python,GraphQL,2553.4871999407187,36083,1,success,
TheAlgorithms/Python,GraphQL,2059.775899979286,36083,1,success,
denoland/deno,REST,6210.672999848612,1422969,5,success,
jwasham/coding-interview-university,REST,6241.248000180349,761949,5,success,
django/django,GraphQL,2418.293199967593,23995,1,success,
donnemartin/system-design-primer,GraphQL,2326.4398000901565,34331,1,success,
ohmyzsh/ohmyzsh,REST,6772.296400275081,1638153,5,success,
torvalds/linux,GraphQL,1431.5807999810204,9691,1,success,
axios/axios,GraphQL,1983.2065000664443,35816,1,success,
microsoft/vscode,GraphQL,2300.4274000413716,37195,1,success,
flutter/flutter,GraphQL,3349.1788998944685,41074,1,success,
neovim/neovim,GraphQL,2842.5075999693945,34584,1,success,
mrdoob/three.js,GraphQL,2302.74620000273,34898,1,success,
facebook/react,REST,6498.590100090951,1668652,5,success,
rust-lang/rust,REST,8066.2268998567015,1789109,5,success,
nodejs/node,REST,7284.875800018199,1644984,5,success,
microsoft/vscode,REST,8060.591399902478,1884970,5,success,
facebook/react-native,GraphQL,3109.204399981536,39787,1,success,
sindresorhus/awesome,REST,6253.19020007737,1480115,5,success,
neovim/neovim,GraphQL,2454.283000086434,34702,1,success,
freeCodeCamp/freeCodeCamp,GraphQL,2483.284200076014,39053,1,success,
TheAlgorithms/Python,REST,6796.835499932058,1643447,5,success,
trekhleb/javascript-algorithms,REST,6481.727699982002,1456935,5,success,
EbookFoundation/free-programming-books,REST,7576.133299968205,1719236,5,success,
angular/angular,REST,6489.1489000292495,1722535,5,success,
github/gitignore,REST,7805.572600103915,1489919,5,success,
denoland/deno,GraphQL,2010.5708000482991,34245,1,success,
tensorflow/tensorflow,GraphQL,2626.401500077918,37868,1,success,
d3/d3,REST,5682.285600109026,560341,5,success,
TheAlgorithms/Python,REST,7238.213499891572,1643447,5,success,
getify/You-Dont-Know-JS,GraphQL,1348.0671000434086,9551,1,success,
public-apis/public-apis,REST,6276.277599972673,1494326,5,success,
django/django,GraphQL,1858.4379999665543,23995,1,success,
vuejs/vue,GraphQL,2264.4131000852212,33755,1,success,
prettier/prettier,REST,6537.474800017662,1595316,5,success,
microsoft/vscode,GraphQL,2727.810199954547,37149,1,success,
NVIDIA/DeepLearningExamples,GraphQL,2077.3719999706373,34555,1,success,
freeCodeCamp/freeCodeCamp,REST,6558.554199757054,1742487,5,success,
sindresorhus/awesome,GraphQL,2034.1555000049993,22051,1,success,
MarlinFirmware/Marlin,REST,6193.242899957113,1639851,5,success,
kamranahmedse/developer-roadmap,REST,6108.873500023037,1228483,5,success,
ohmyzsh/ohmyzsh,REST,6307.713900110684,1638153,5,success,
pallets/flask,REST,5573.176199803129,499322,5,success,
trekhleb/javascript-algorithms,GraphQL,2297.030600020662,34481,1,success,
microsoft/PowerToys,REST,7673.686300055124,1967328,5,success,
d3/d3,REST,5789.6390000823885,560341,5,success,
mrdoob/three.js,REST,6665.170599939302,1485487,5,success,
microsoft/vscode,GraphQL,2356.7165000131354,37149,1,success,
ant-design/ant-design,REST,6734.481300110929,1705865,5,success,
microsoft/PowerToys,REST,7542.856799904257,1967328,5,success,
996icu/996.ICU,REST,5053.710500011221,291170,5,success,
mrdoob/three.js,REST,6027.538500144146,1485487,5,success,
facebook/react-native,GraphQL,2502.9936999781057,39923,1,success,
kamranahmedse/developer-roadmap,GraphQL,2150.7346000289544,32143,1,success,
donnemartin/system-design-primer,REST,7056.482000043616,1515735,5,success,
sindresorhus/awesome,REST,6280.697700101882,1480115,5,success,
EbookFoundation/free-programming-books,REST,6649.173100129701,1719236,5,success,
sindresorhus/awesome,REST,6426.457200199366,1480115,5,success,
MarlinFirmware/Marlin,REST,6643.226799904369,1639851,5,success,
trekhleb/javascript-algorithms,REST,6484.0224999934435,1456935,5,success,
getify/You-Dont-Know-JS,GraphQL,1319.164799991995,9551,1,success,
tensorflow/tensorflow,REST,6298.357799882069,1440126,5,success,
lodash/lodash,REST,6733.692600042559,1077084,5,success,
d3/d3,REST,5508.360999985598,560341,5,success,
pytorch/pytorch,REST,6817.303399904631,1627987,5,success,
github/gitignore,GraphQL,2836.0965000465512,20859,1,success,
huggingface/transformers,GraphQL,2473.712300066836,35908,1,success,
trekhleb/javascript-algorithms,REST,6471.473599784076,1456935,5,success,
vercel/next.js,REST,6617.53710010089,1567804,5,success,
microsoft/PowerToys,REST,7548.722399980761,1967328,5,success,
lodash/lodash,REST,6498.343999730423,1077084,5,success,
axios/axios,REST,6432.3452999815345,1479972,5,success,
rust-lang/rust,REST,6185.5317997979,1789109,5,success,
django/django,GraphQL,2128.194299992174,23995,1,success,
jwasham/coding-interview-university,GraphQL,1704.4693999923766,22290,1,success,
tensorflow/tensorflow,GraphQL,2023.844499955885,37868,1,success,
laravel/laravel,GraphQL,1417.785600060597,10217,1,success,
openai/gpt-3,GraphQL,1077.5093999691308,2300,1,success,
facebook/jest,REST,7495.268199825659,930395,5,success,
flutter/flutter,REST,6431.922399904579,1837057,5,success,
huggingface/transformers,GraphQL,1900.8743999293074,35908,1,success,
laravel/laravel,REST,5242.974600056186,264152,5,success,
neovim/neovim,GraphQL,2233.808899996802,34702,1,success,
facebook/jest,GraphQL,1591.5887000737712,30545,1,success,
vercel/next.js,GraphQL,2403.040000004694,37536,1,success,
flutter/flutter,GraphQL,2709.528399980627,40937,1,success,
reduxjs/redux,GraphQL,1354.552699951455,18639,1,success,
angular/angular,GraphQL,2221.4178999420255,39058,1,success,
kamranahmedse/developer-roadmap,REST,6024.174599908292,1228483,5,success,
torvalds/linux,REST,5206.57430018764,241405,5,success,
donnemartin/system-design-primer,GraphQL,2611.338600050658,34331,1,success,
github/copilot-docs,REST,6668.607500032522,417328,5,success,
neovim/neovim,GraphQL,1913.244599942118,34702,1,success,
kamranahmedse/developer-roadmap,REST,6244.67640009243,1228483,5,success,
jwasham/coding-interview-university,REST,5694.354299805127,761949,5,success,
microsoft/PowerToys,GraphQL,2200.7482999470085,37962,1,success,
trekhleb/javascript-algorithms,GraphQL,2186.183499987237,34481,1,success,
d3/d3,REST,5546.223900048062,560341,5,success,
facebook/react-native,REST,6695.945600047708,1654053,5,success,
NVIDIA/DeepLearningExamples,REST,6727.546399924904,1633363,5,success,
prettier/prettier,GraphQL,2543.6191000044346,35519,1,success,
golang/go,REST,6706.932400004007,1554899,5,success,
huggingface/transformers,GraphQL,1851.5514999162406,35908,1,success,
facebook/jest,GraphQL,2086.3778999773785,30545,1,success,
laravel/laravel,REST,5575.046599959023,264152,5,success,
MarlinFirmware/Marlin,GraphQL,1996.2477999506518,36506,1,success,
mrdoob/three.js,GraphQL,1977.5176999391988,34898,1,success,
kubernetes/kubernetes,REST,6807.75989999529,2248784,5,success,
jwasham/coding-interview-university,REST,5853.0828999355435,761949,5,success,
ant-design/ant-design,REST,6953.70539999567,1705865,5,success,
laravel/laravel,GraphQL,1595.7487999694422,10217,1,success,
angular/angular,REST,6915.158300078474,1721098,5,success,
d3/d3,GraphQL,1669.3473000777885,13936,1,success,
kamranahmedse/developer-roadmap,GraphQL,2034.0364000294358,32143,1,success,
pallets/flask,REST,6535.1635998813435,499322,5,success,
django/django,REST,7087.0030000805855,1426382,5,success,
twbs/bootstrap,GraphQL,1965.487000066787,36293,1,success,
airbnb/javascript,REST,6808.098000125028,1376586,5,success,
mrdoob/three.js,GraphQL,2003.136400016956,34898,1,success,
pytorch/pytorch,GraphQL,3350.554100004956,40852,1,success,
microsoft/PowerToys,REST,7569.905600044876,1967328,5,success,
airbnb/javascript,GraphQL,2169.735400006175,36779,1,success,
getify/You-Dont-Know-JS,GraphQL,1327.643199940212,9551,1,success,
microsoft/PowerToys,REST,7934.0295002330095,1967328,5,success,
openai/gpt-3,REST,5089.373900089413,42841,5,success,
freeCodeCamp/freeCodeCamp,GraphQL,2062.24260001909,39053,1,success,
ant-design/ant-design,GraphQL,2162.201299914159,35690,1,success,
angular/angular,REST,6625.123900012113,1721098,5,success,
ant-design/ant-design,GraphQL,1979.2962999781594,35690,1,success,
github/gitignore,GraphQL,2400.97300009802,20859,1,success,
kamranahmedse/developer-roadmap,REST,5867.893699905835,1228483,5,success,
kamranahmedse/developer-roadmap,GraphQL,1779.9006999703124,32143,1,success,
ohmyzsh/ohmyzsh,REST,6894.617900019512,1638153,5,success,
ant-design/ant-design,GraphQL,2206.6923999227583,35690,1,success,
vuejs/vue,REST,6338.609299855307,1445498,5,success,
kubernetes/kubernetes,REST,6982.446599868126,2248784,5,success,
github/gitignore,GraphQL,1993.9690000610426,20859,1,success,
denoland/deno,GraphQL,2046.4423999655992,34245,1,success,
vuejs/vue,REST,6147.501899860799,1445498,5,success,
angular/angular,REST,6373.814899940044,1721098,5,success,
public-apis/public-apis,GraphQL,2092.9474000586197,25016,1,success,
denoland/deno,REST,6817.223199876025,1422969,5,success,
d3/d3,GraphQL,1458.9993000263348,13936,1,success,
pallets/flask,REST,5818.21709999349,499322,5,success,
freeCodeCamp/freeCodeCamp,REST,6418.761600041762,1742525,5,success,
996icu/996.ICU,GraphQL,1224.2095000110567,9342,1,success,
reduxjs/redux,REST,5454.1773000964895,563277,5,success,
lodash/lodash,GraphQL,1966.0083000781015,29265,1,success,
microsoft/PowerToys,GraphQL,2499.4871999369934,37962,1,success,
vercel/next.js,GraphQL,2114.9498999584466,37536,1,success,
reduxjs/redux,REST,5631.391600007191,563277,5,success,
